{
  "thresh": 0.004956409617983699,
  "time": 1.2001814999966882,
  "perf": 0.1145
}