{
  "thresh": 7.203407876315988e-08,
  "time": 24.88607789998059,
  "perf": 0.8973
}