{
  "thresh": 0.004919220788707697,
  "time": 1.9862465999904089,
  "perf": 0.1143
}